{
  "n_features": 32,
  "feature_names": [
    "MILL_OUTLET_TEMP",
    "MILL_BEARING_VIB",
    "MILL_MOTOR_CURRENT",
    "BUNKER_COAL_TEMP",
    "BELT_MISALIGNMENT",
    "FURNACE_DRAFT_PRES",
    "DRUM_LEVEL",
    "MAIN_STEAM_TEMP",
    "MAIN_STEAM_PRES",
    "FEGT",
    "FLAME_SCANNER",
    "WATERWALL_TEMP",
    "SHAFT_VIB",
    "BEARING_METAL_TEMP",
    "LUBE_OIL_PRES",
    "STATOR_WINDING_TEMP",
    "RPM",
    "CONDENSER_VACUUM",
    "CONDENSER_COND",
    "HOTWELL_LEVEL",
    "BFP_BEARING_VIB",
    "DEAERATOR_LEVEL",
    "GEN_DIFF_PROT",
    "TRANSFORMER_DGA",
    "TRANSFORMER_TEMP",
    "BUCHHOLZ_RELAY",
    "BREAKER_STATUS",
    "STACK_SO2",
    "STACK_OPACITY",
    "ESP_FIELD_CURRENT",
    "ID_FAN_VIB",
    "FGD_SLURRY_PH"
  ],
  "seq_len": 30,
  "hidden_dim": 64,
  "latent_dim": 16,
  "threshold": 0.0002642432136781281,
  "mean_error": 0.00018237371114082634,
  "std_error": 2.728983417910058e-05,
  "best_val_loss": 0.00018237372068978844,
  "epochs": 80,
  "sensor_baseline_error": {
    "MILL_OUTLET_TEMP": 5.934543878538534e-05,
    "MILL_BEARING_VIB": 0.00023025702103041112,
    "MILL_MOTOR_CURRENT": 4.7757301217643544e-05,
    "BUNKER_COAL_TEMP": 0.0002744458324741572,
    "BELT_MISALIGNMENT": 2.8365673188091023e-07,
    "FURNACE_DRAFT_PRES": 4.993655238649808e-06,
    "DRUM_LEVEL": 8.425081432505976e-06,
    "MAIN_STEAM_TEMP": 0.00021996302530169487,
    "MAIN_STEAM_PRES": 7.854778232285753e-05,
    "FEGT": 9.340294491266832e-05,
    "FLAME_SCANNER": 0.0003928313672076911,
    "WATERWALL_TEMP": 0.00022380238806363195,
    "SHAFT_VIB": 9.146812953986228e-05,
    "BEARING_METAL_TEMP": 0.0003789887123275548,
    "LUBE_OIL_PRES": 0.00026865972904488444,
    "STATOR_WINDING_TEMP": 0.00026032733148895204,
    "RPM": 0.0002784635580610484,
    "CONDENSER_VACUUM": 0.0003928058431483805,
    "CONDENSER_COND": 5.2060699090361595e-05,
    "HOTWELL_LEVEL": 0.0003778444661293179,
    "BFP_BEARING_VIB": 0.0003710192395374179,
    "DEAERATOR_LEVEL": 2.536405361297511e-07,
    "GEN_DIFF_PROT": 3.6548451021189976e-07,
    "TRANSFORMER_DGA": 7.599716627737507e-05,
    "TRANSFORMER_TEMP": 0.00026935272035188973,
    "BUCHHOLZ_RELAY": 8.543303238184308e-07,
    "BREAKER_STATUS": 0.00035696467966772616,
    "STACK_SO2": 7.338412251556292e-05,
    "STACK_OPACITY": 0.0003303478006273508,
    "ESP_FIELD_CURRENT": 7.821568578947335e-05,
    "ID_FAN_VIB": 0.000401380006223917,
    "FGD_SLURRY_PH": 0.00014315033331513405
  },
  "sensor_baseline_std": {
    "MILL_OUTLET_TEMP": 3.1853232940193266e-05,
    "MILL_BEARING_VIB": 0.00012695832992903888,
    "MILL_MOTOR_CURRENT": 3.056683999602683e-05,
    "BUNKER_COAL_TEMP": 0.00014120747800916433,
    "BELT_MISALIGNMENT": 3.4079499755534925e-07,
    "FURNACE_DRAFT_PRES": 2.000102313104435e-06,
    "DRUM_LEVEL": 7.2297898441320285e-06,
    "MAIN_STEAM_TEMP": 0.00010458893666509539,
    "MAIN_STEAM_PRES": 2.4816439690766856e-05,
    "FEGT": 4.237203029333614e-05,
    "FLAME_SCANNER": 0.00019215710926800966,
    "WATERWALL_TEMP": 0.00010326633491786197,
    "SHAFT_VIB": 4.258806075085886e-05,
    "BEARING_METAL_TEMP": 0.00018482544692233205,
    "LUBE_OIL_PRES": 0.00012469857756514102,
    "STATOR_WINDING_TEMP": 0.00012448076449800283,
    "RPM": 0.00014263171760831028,
    "CONDENSER_VACUUM": 0.00025029524113051593,
    "CONDENSER_COND": 2.416606184851844e-05,
    "HOTWELL_LEVEL": 0.00018837164680007845,
    "BFP_BEARING_VIB": 0.00015676319890189916,
    "DEAERATOR_LEVEL": 1.679827050793392e-07,
    "GEN_DIFF_PROT": 1.6507549105426733e-07,
    "TRANSFORMER_DGA": 2.0847495761699975e-05,
    "TRANSFORMER_TEMP": 0.00020276758004911244,
    "BUCHHOLZ_RELAY": 3.619977348989778e-07,
    "BREAKER_STATUS": 0.00018080690642818809,
    "STACK_SO2": 1.7706217477098107e-05,
    "STACK_OPACITY": 0.000188298465218395,
    "ESP_FIELD_CURRENT": 2.0183419110253453e-05,
    "ID_FAN_VIB": 0.00016921690257731825,
    "FGD_SLURRY_PH": 9.487533679930493e-05
  }
}